{
  "mountormond": [
    99.3092713356018,
    65.39525198936462,
    58.54661965370178
  ],
  "yamaoka": [
    42.32822132110596
  ],
  "backwater": [
    61.738544940948486
  ],
  "coldwind": [
    51.34851670265198
  ],
  "macmillan": [
    34.28237557411194
  ]
}