{
  "mountormond": [
    99.3092713356018,
    65.39525198936462,
    58.54661965370178,
    36.10083556175232,
    38.284666299819946,
    40.40888833999634,
    60.99691987037659
  ],
  "yamaoka": [
    42.32822132110596,
    40.70369625091553
  ],
  "backwater": [
    61.738544940948486,
    51.418638467788696
  ],
  "coldwind": [
    51.34851670265198
  ],
  "macmillan": [
    34.28237557411194
  ],
  "lerys": [
    68.08193063735962
  ],
  "raccoon": [
    67.04760599136353
  ]
}